{
    "pyramid1": {
        "meta": {
            "json_type": "pyramid"
            , "title": "Pyramid Title"
        }
        , "data": {
            "categories": [{
                "label": "配信"
                , "value": "101 "
                , "color": "8293A6"
			}, {
                "label": "コンテンツ閲覧"
                , "value": "120"
                , "color": "E75062 "
			}, {
                "label": "訪問"
                , "value": "110 "
                , "color": "CA0B56"
			}]
        }
    }
    , "table_small_right1": {
        "columns": {
            "1": "ビ－コングル－プ"
            , "2": "反応数"
            , "3": "配信数"
            , "4": "コンテンツ閲覧数"
            , "5": "コンテンツ閲覧数"
            , "6": "コンテンツ閲覧率"
            , "7": "訪問数"
            , "8": "訪問率"
        }
        , "rows": [{
            "1": "CVA 1"
            , "2": "505050"
            , "3": "50505"
            , "4": "505050"
            , "5": "50505"
            , "6": "5050"
            , "7": "50 %"
            , "8": "50"
            , "9": "10%"
		}, {
            "1": "CVA 1"
            , "2": "505050"
            , "3": "50505"
            , "4": "505050"
            , "5": "50505"
            , "6": "5050"
            , "7": "50 %"
            , "8": "50"
            , "9": "10%"
		}, {
            "1": "CVA 1"
            , "2": "505050"
            , "3": "50505"
            , "4": "505050"
            , "5": "50505"
            , "6": "5050"
            , "7": "50 %"
            , "8": "50"
            , "9": "10%"
		}, {
            "1": "CVA 1"
            , "2": "505050"
            , "3": "50505"
            , "4": "505050"
            , "5": "50505"
            , "6": "5050"
            , "7": "50 %"
            , "8": "50"
            , "9": "10%"
		}, {
            "1": "CVA 1"
            , "2": "505050"
            , "3": "50505"
            , "4": "505050"
            , "5": "50505"
            , "6": "5050"
            , "7": "50 %"
            , "8": "50"
            , "9": "10%"
		}]
    }
    , "line_graph": {
        "meta": {
            "json_type": "graph_line"
            , "title": "Haishin Beacon Summary"
        }
        , "xaxis": {
            "data": [{
                    "value": "2016/01/15"
                }, {
                    "value": "2016/02/15"
                }, {
                    "value": "2016/03/15"
                }, {
                    "value": "2016/04/15"
                }
                , {
                    "value": "2016/05/15"
                }, {
                    "value": "2016/06/15"
                }, {
                    "value": "2016/07/15"
                }, {
                    "value": "2016/08/15"
                }
                     ]
        }
        , "series": [{
                "seriesname": "category-1"
                , "data": [
                    {
                        "value": "1327"
                }
                            , {
                        "value": "1826"
                }
                            , {
                        "value": "1699"
                }
                            , {
                        "value": "1511"
                }
                            , {
                        "value": "1904"
                }
                            , {
                        "value": "1957"
                }
                            , {
                        "value": "1296"
                }
            ]
        }
        , {
                "seriesname": "category-2"
                , "data": [
                    {
                        "value": "2042"
                }
                            , {
                        "value": "3210"
                }
                            , {
                        "value": "2994"
                }
                            , {
                        "value": "3115"
                }
                            , {
                        "value": "2844"
                }
                            , {
                        "value": "3576"
                }
                            , {
                        "value": "1862"
                }
            ]
        }
        , {
                "seriesname": "category-3"
                , "data": [
                    {
                        "value": "850"
                }
                            , {
                        "value": "1010"
                }
                            , {
                        "value": "1116"
                }
                            , {
                        "value": "1234"
                }
                            , {
                        "value": "1210"
                }
                            , {
                        "value": "1054"
                }
                            , {
                        "value": "802"
                }
            ]
        }
        ]
    }
    , "Circular_Graph_left": [{
        "label": "配信"
        , "count": "101 "
	}, {
        "label": "コンテンツ閲覧"
        , "count": "120"
	}, {
        "label": "訪問"
        , "count": "110 "
	}]
    , "Circular_Graph_right": [{
        "label": "配信"
        , "count": "101 "
	}, {
        "label": "コンテンツ閲覧"
        , "count": "120"
	}, {
        "label": "訪問"
        , "count": "110 "
	}]
    , "table_bottom_1": {
        "meta": {
            "json_type": "table_small"
            , "title": "Table 1"
        }
        , "data": {
            "columns": {
                "1": "ID"
                , "2": "Location Type"
                , "3": "Count"
                , "4": "Pct"
            }
            , "rows": [{
                "1": "1"
                , "2": "Office"
                , "3": "1200"
                , "4": "25.1%"
			}, {
                "1": "2"
                , "2": "Kojou"
                , "3": "1200"
                , "4": "25.1%"
			}, {
                "1": "3"
                , "2": "Public Park"
                , "3": "1200"
                , "4": "25.1%"
			}, {
                "1": "4"
                , "2": "Office 3"
                , "3": "1200"
                , "4": "25.1%"
			}, {
                "1": "5"
                , "2": "Kojou 2"
                , "3": "1200"
                , "4": "25.1%"
			}, {
                "1": "6"
                , "2": "Public Office"
                , "3": "1200"
                , "4": "25.1%"
			}]
        }
    }
    , "table_bottom_2": {
        "meta": {
            "json_type": "table_small"
            , "title": "Table 1"
        }
        , "data": {
            "columns": {
                "1": "ID"
                , "2": "Location Type"
                , "3": "Count"
                , "4": "Pct"
            }
            , "rows": [{
                "1": "1"
                , "2": "Office"
                , "3": "1200"
                , "4": "25.1%"
			}, {
                "1": "2"
                , "2": "Kojou"
                , "3": "1200"
                , "4": "25.1%"
			}, {
                "1": "3"
                , "2": "Public Park"
                , "3": "1200"
                , "4": "25.1%"
			}, {
                "1": "4"
                , "2": "Office 3"
                , "3": "1200"
                , "4": "25.1%"
			}, {
                "1": "5"
                , "2": "Kojou 2"
                , "3": "1200"
                , "4": "25.1%"
			}, {
                "1": "6"
                , "2": "Public Office"
                , "3": "1200"
                , "4": "25.1%"
			}]
        }
    }
    , "table_bottom_3": {
        "meta": {
            "json_type": "table_small"
            , "title": "Table 1"
        }
        , "data": {
            "columns": {
                "1": "ID"
                , "2": "Location Type"
                , "3": "Count"
                , "4": "Pct"
            }
            , "rows": [{
                "1": "1"
                , "2": "Office"
                , "3": "1200"
                , "4": "25.1%"
			}, {
                "1": "2"
                , "2": "Kojou"
                , "3": "1200"
                , "4": "25.1%"
			}, {
                "1": "3"
                , "2": "Public Park"
                , "3": "1200"
                , "4": "25.1%"
			}, {
                "1": "4"
                , "2": "Office 3"
                , "3": "1200"
                , "4": "25.1%"
			}, {
                "1": "5"
                , "2": "Kojou 2"
                , "3": "1200"
                , "4": "25.1%"
			}, {
                "1": "6"
                , "2": "Public Office"
                , "3": "1200"
                , "4": "25.1%"
			}]
        }
    }
}