{


"line_graph": {
        "meta": { "json_type": "graph_line", "title": "Haishin Beacon Summary"}, "xaxis": {
		"data": [{ "value": "2016/01/15"}, { "value": "2016/02/15"}, { "value": "2016/03/15"}, { "value": "2016/04/15"}, { "value": "2016/05/15"}, { "value": "2016/06/15"}, { "value": "2016/07/15"}, { "value": "2016/08/15"}] }
        , "series": [
		      { "seriesname": "category-3", "data": [ { "value": "850"}, { "value": "1010"}, { "value": "1116"}, { "value": "1234"}, { "value": "1210"}, { "value": "1054"}, { "value": "802"} ]
			  } ]
},





 "table_bottom1":
  { "meta": { "json_type": "table_histogram",     "title" : "Table histo Grame"  },
	  "columns_type" : {"1": "str", "2": "str",             "3": "graph_barhisto",  "4":"str",    "5":"str" },
	  "columns" :      {"1": "CV Area 1", "2": "CV Area 2", "3": "Pct Bar",         "4":"Pct 1",  "5":"Pct 2" },
 "rows": [
         {"1": "CV Group 1",         "2": "CV Group 2", "3": "35%",  "4": "35%",	"5": "25.1%"},
         {"1": "CV Group 1",         "2": "CV Group 2", "3": "35%",  "4": "35%",	"5": "25.1%"},
         {"1": "CV Group 1",         "2": "CV Group 2", "3": "35%",  "4": "35%",	"5": "25.1%"},
         {"1": "CV Group 1",         "2": "CV Group 2", "3": "35%",  "4": "35%",	"5": "25.1%"},
         {"1": "CV Group 1",         "2": "CV Group 2", "3": "35%",  "4": "35%",	"5": "25.1%"}
       ]
}







}
