{

"circularchart_topleft": [{
        "label": "配信", "count": "101 " }, { "label": "コンテンツ閲覧", "count": "120"}, { "label": "訪問", "count": "110 "}], "Circular_Graph_right": [{ "label": "配信", "count": "101 "}, { "label": "コンテンツ閲覧", "count": "120"}, { "label": "訪問", "count": "110 " }]
,


"circularchart_left": [{
        "label": "配信", "count": "101 " }, { "label": "コンテンツ閲覧", "count": "120"}, { "label": "訪問", "count": "110 "}], "Circular_Graph_right": [{ "label": "配信", "count": "101 "}, { "label": "コンテンツ閲覧", "count": "120"}, { "label": "訪問", "count": "110 " }]
,


"circularchart_right": [{
        "label": "配信", "count": "101 " }, { "label": "コンテンツ閲覧", "count": "120"}, { "label": "訪問", "count": "110 "}], "Circular_Graph_right": [{ "label": "配信", "count": "101 "}, { "label": "コンテンツ閲覧", "count": "120"}, { "label": "訪問", "count": "110 " }]
,

"circularchart_middle": [{
        "label": "配信", "count": "101 " }, { "label": "コンテンツ閲覧", "count": "120"}, { "label": "訪問", "count": "110 "}], "Circular_Graph_right": [{ "label": "配信", "count": "101 "}, { "label": "コンテンツ閲覧", "count": "120"}, { "label": "訪問", "count": "110 " }]
,



  "table_bottom_1": {
        "meta": { "json_type": "table_small", "title": "Table 1"},
        "columns": { "1": "ID", "2": "Location Type", "3": "Count", "4": "Pct"}
      , "rows": [{ "1": "1", "2": "Office", "3": "1200", "4": "25.1%"}, { "1": "2", "2": "Kojou", "3": "1200", "4": "25.1%"}, { "1": "3", "2": "Public Park", "3": "1200", "4": "25.1%"}, { "1": "4", "2": "Office 3", "3": "1200", "4": "25.1%"}, { "1": "5", "2": "Kojou 2", "3": "1200", "4": "25.1%" }, { "1": "6", "2": "Public Office", "3": "1200", "4": "25.1%"} ]
  },


  "table_bottom_2": {
        "meta": { "json_type": "table_small", "title": "Table 1"},
          "columns": { "1": "ID", "2": "Location Type", "3": "Count", "4": "Pct"},
          "rows": [{ "1": "1", "2": "Office", "3": "1200", "4": "25.1%"}, { "1": "2", "2": "Kojou", "3": "1200", "4": "25.1%"}, { "1": "3", "2": "Public Park", "3": "1200", "4": "25.1%"}, { "1": "4", "2": "Office 3", "3": "1200", "4": "25.1%"}, { "1": "5", "2": "Kojou 2", "3": "1200", "4": "25.1%"}, { "1": "6", "2": "Public Office", "3": "1200", "4": "25.1%"}]
  },


  "table_bottom_3": {
        "meta": { "json_type": "table_small", "title": "Table 1"},
         "columns": { "1": "ID", "2": "Location Type", "3": "Count", "4": "Pct"},
         "rows": [{ "1": "1", "2": "Office", "3": "1200", "4": "25.1%"}, { "1": "2", "2": "Kojou", "3": "1200", "4": "25.1%"}, { "1": "3", "2": "Public Park", "3": "1200", "4": "25.1%"}, { "1": "4", "2": "Office 3", "3": "1200", "4": "25.1%"}, { "1": "5", "2": "Kojou 2", "3": "1200", "4": "25.1%"}, { "1": "6", "2": "Public Office", "3": "1200", "4": "25.1%"
		    	}]
  }


}
