{





	"graph_middle_tab1": {
		"daily_graph": {
			"meta": { "json_type": "graph_area", "title": "Daily Graph"}, "data": { "xaxis": { "label": "X labe1-1", "seriesname": "X category-1", "color": "1D8BD1", "anchorbordercolor": "1D8BD1", "anchorbgcolor": "1D8BD1", "data": [{ "value": "2016/01/15"}, { "value": "2016/02/15"}, { "value": "2016/03/15"}, { "value": "2016/04/15"}, { "value": "2016/05/15"}, { "value": "2016/06/15"}, { "value": "2016/07/15"}, { "value": "2016/08/15"}]}, "categories": [{ "label": "labe1-1", "seriesname": "category-1", "color": "8293A6", "anchorbordercolor": "8293A6", "anchorbgcolor": "8293A6", "data": [{ "value": "1000", "label": "label 1"}, { "value": "500", "label": "label 2"}, { "value": "3000", "label": "label 3"}, { "value": "2000", "label": "label 4"}, { "value": "5000", "label": "label 4"}, { "value": "3000", "label": "label 4"}, { "value": "7000", "label": "label 4"}, { "value": "8000", "label": "label 4"}] }]} },
		"monthly_graph": {
			"meta": { "json_type": "graph_area", "title": "Daily Graph"}, "data": { "xaxis": { "label": "X labe1-1", "seriesname": "X category-1", "color": "1D8BD1", "anchorbordercolor": "1D8BD1", "anchorbgcolor": "1D8BD1", "data": [{ "value": "2016/01/15"}, { "value": "2016/02/15"}, { "value": "2016/03/15"}, { "value": "2016/04/15"}, { "value": "2016/05/15"}, { "value": "2016/06/15"}, { "value": "2016/07/15"}, { "value": "2016/08/15"}]}, "categories": [{ "label": "labe1-1", "seriesname": "category-1", "color": "8293A6", "anchorbordercolor": "8293A6", "anchorbgcolor": "8293A6", "data": [{ "value": "1000", "label": "label 1"}, { "value": "2000", "label": "label 2"}, { "value": "3000", "label": "label 3"}, { "value": "4000", "label": "label 4"}, { "value": "5000", "label": "label 4"}, { "value": "6000", "label": "label 4"}, { "value": "7000", "label": "label 4"}, { "value": "8000", "label": "label 4"}] }]} },
		"weekly_graph": {
			"meta": { "json_type": "graph_area", "title": "Daily Graph"}, "data": { "xaxis": { "label": "X labe1-1", "seriesname": "X category-1", "color": "1D8BD1", "anchorbordercolor": "1D8BD1", "anchorbgcolor": "1D8BD1", "data": [{ "value": "2016/01/15"}, { "value": "2016/02/15"}, { "value": "2016/03/15"}, { "value": "2016/04/15"}, { "value": "2016/05/15"}, { "value": "2016/06/15"}, { "value": "2016/07/15"}, { "value": "2016/08/15"}]}, "categories": [{ "label": "labe1-1", "seriesname": "category-1", "color": "8293A6", "anchorbordercolor": "8293A6", "anchorbgcolor": "8293A6", "data": [{ "value": "1000", "label": "label 1"}, { "value": "2000", "label": "label 2"}, { "value": "3000", "label": "label 3"}, { "value": "4000", "label": "label 4"}, { "value": "5000", "label": "label 4"}, { "value": "6000", "label": "label 4"}, { "value": "7000", "label": "label 4"}, { "value": "8000", "label": "label 4"}]}]}
		}
	},

	"graph_middle_tab2": {
		"daily_graph": {
			"meta": { "json_type": "graph_area", "title": "Daily Graph"}, "data": { "xaxis": { "label": "X labe1-1", "seriesname": "X category-1", "color": "1D8BD1", "anchorbordercolor": "1D8BD1", "anchorbgcolor": "1D8BD1", "data": [{ "value": "2016/01/15"}, { "value": "2016/02/15"}, { "value": "2016/03/15"}, { "value": "2016/04/15"}, { "value": "2016/05/15"}, { "value": "2016/06/15"}, { "value": "2016/07/15"}, { "value": "2016/08/15"}]}, "categories": [{ "label": "labe1-1", "seriesname": "category-1", "color": "8293A6", "anchorbordercolor": "8293A6", "anchorbgcolor": "8293A6", "data": [{ "value": "1000", "label": "label 1"}, { "value": "500", "label": "label 2"}, { "value": "3000", "label": "label 3"}, { "value": "2000", "label": "label 4"}, { "value": "5000", "label": "label 4"}, { "value": "3000", "label": "label 4"}, { "value": "7000", "label": "label 4"}, { "value": "8000", "label": "label 4"}]}]}
		},
		"monthly_graph": {
			"meta": {
				"json_type": "graph_area",
				"title": "Daily Graph"
			},
			"data": {
				"xaxis": {
					"label": "X labe1-1",
					"seriesname": "X category-1",
					"color": "1D8BD1",
					"anchorbordercolor": "1D8BD1",
					"anchorbgcolor": "1D8BD1",
					"data": [{
							"value": "2016/01/15"
						}, {
							"value": "2016/02/15"
						}, {
							"value": "2016/03/15"
						}, {
							"value": "2016/04/15"
						},
						{
							"value": "2016/05/15"
						}, {
							"value": "2016/06/15"
						}, {
							"value": "2016/07/15"
						}, {
							"value": "2016/08/15"
						}
					]
				},
				"categories": [{
					"label": "labe1-1",
					"seriesname": "category-1",
					"color": "8293A6",
					"anchorbordercolor": "8293A6",
					"anchorbgcolor": "8293A6",
					"data": [{
							"value": "1000",
							"label": "label 1"
						}, {
							"value": "2000",
							"label": "label 2"
						}, {
							"value": "3000",
							"label": "label 3"
						}, {
							"value": "4000",
							"label": "label 4"
						},
						{
							"value": "5000",
							"label": "label 4"
						}, {
							"value": "6000",
							"label": "label 4"
						}, {
							"value": "7000",
							"label": "label 4"
						}, {
							"value": "8000",
							"label": "label 4"
						}
					]
				}]

			}
		},
		"weekly_graph": {
			"meta": { "json_type": "graph_area", "title": "Daily Graph"}, "data": { "xaxis": { "label": "X labe1-1", "seriesname": "X category-1", "color": "1D8BD1", "anchorbordercolor": "1D8BD1", "anchorbgcolor": "1D8BD1", "data": [{ "value": "2016/01/15"}, { "value": "2016/02/15"}, { "value": "2016/03/15"}, { "value": "2016/04/15"}, { "value": "2016/05/15"}, { "value": "2016/06/15"}, { "value": "2016/07/15"}, { "value": "2016/08/15"}]}, "categories": [{ "label": "labe1-1", "seriesname": "category-1", "color": "8293A6", "anchorbordercolor": "8293A6", "anchorbgcolor": "8293A6", "data": [{ "value": "1000", "label": "label 1"}, { "value": "2000", "label": "label 2"}, { "value": "3000", "label": "label 3"}, { "value": "4000", "label": "label 4"}, { "value": "5000", "label": "label 4"}, { "value": "6000", "label": "label 4"}, { "value": "7000", "label": "label 4"}, { "value": "8000", "label": "label 4"}]}]}
		}









	},
	"graph_middle_tab3": {
		"daily_graph": {
			"meta": {
				"json_type": "graph_area",
				"title": "Daily Graph"
			},
			"data": {
				"xaxis": {
					"label": "X labe1-1",
					"seriesname": "X category-1",
					"color": "1D8BD1",
					"anchorbordercolor": "1D8BD1",
					"anchorbgcolor": "1D8BD1",
					"data": [{
							"value": "2016/01/15"
						}, {
							"value": "2016/02/15"
						}, {
							"value": "2016/03/15"
						}, {
							"value": "2016/04/15"
						},
						{
							"value": "2016/05/15"
						}, {
							"value": "2016/06/15"
						}, {
							"value": "2016/07/15"
						}, {
							"value": "2016/08/15"
						}
					]
				},
				"categories": [{
					"label": "labe1-1",
					"seriesname": "category-1",
					"color": "8293A6",
					"anchorbordercolor": "8293A6",
					"anchorbgcolor": "8293A6",
					"data": [{
							"value": "1000",
							"label": "label 1"
						}, {
							"value": "500",
							"label": "label 2"
						}, {
							"value": "3000",
							"label": "label 3"
						}, {
							"value": "2000",
							"label": "label 4"
						},
						{
							"value": "5000",
							"label": "label 4"
						}, {
							"value": "3000",
							"label": "label 4"
						}, {
							"value": "7000",
							"label": "label 4"
						}, {
							"value": "8000",
							"label": "label 4"
						}
					]
				}]

			}
		},
		"monthly_graph": {
			"meta": {
				"json_type": "graph_area",
				"title": "Daily Graph"
			},
			"data": {
				"xaxis": {
					"label": "X labe1-1",
					"seriesname": "X category-1",
					"color": "1D8BD1",
					"anchorbordercolor": "1D8BD1",
					"anchorbgcolor": "1D8BD1",
					"data": [{
							"value": "2016/01/15"
						}, {
							"value": "2016/02/15"
						}, {
							"value": "2016/03/15"
						}, {
							"value": "2016/04/15"
						},
						{
							"value": "2016/05/15"
						}, {
							"value": "2016/06/15"
						}, {
							"value": "2016/07/15"
						}, {
							"value": "2016/08/15"
						}
					]
				},
				"categories": [{
					"label": "labe1-1",
					"seriesname": "category-1",
					"color": "8293A6",
					"anchorbordercolor": "8293A6",
					"anchorbgcolor": "8293A6",
					"data": [{
							"value": "1000",
							"label": "label 1"
						}, {
							"value": "2000",
							"label": "label 2"
						}, {
							"value": "3000",
							"label": "label 3"
						}, {
							"value": "4000",
							"label": "label 4"
						},
						{
							"value": "5000",
							"label": "label 4"
						}, {
							"value": "6000",
							"label": "label 4"
						}, {
							"value": "7000",
							"label": "label 4"
						}, {
							"value": "8000",
							"label": "label 4"
						}
					]
				}]

			}
		},
		"weekly_graph": {
			"meta": {
				"json_type": "graph_area",
				"title": "Daily Graph"
			},
			"data": {
				"xaxis": {
					"label": "X labe1-1",
					"seriesname": "X category-1",
					"color": "1D8BD1",
					"anchorbordercolor": "1D8BD1",
					"anchorbgcolor": "1D8BD1",
					"data": [{
							"value": "2016/01/15"
						}, {
							"value": "2016/02/15"
						}, {
							"value": "2016/03/15"
						}, {
							"value": "2016/04/15"
						},
						{
							"value": "2016/05/15"
						}, {
							"value": "2016/06/15"
						}, {
							"value": "2016/07/15"
						}, {
							"value": "2016/08/15"
						}
					]
				},
				"categories": [{
					"label": "labe1-1",
					"seriesname": "category-1",
					"color": "8293A6",
					"anchorbordercolor": "8293A6",
					"anchorbgcolor": "8293A6",
					"data": [{
							"value": "1000",
							"label": "label 1"
						}, {
							"value": "2000",
							"label": "label 2"
						}, {
							"value": "3000",
							"label": "label 3"
						}, {
							"value": "4000",
							"label": "label 4"
						},
						{
							"value": "5000",
							"label": "label 4"
						}, {
							"value": "6000",
							"label": "label 4"
						}, {
							"value": "7000",
							"label": "label 4"
						}, {
							"value": "8000",
							"label": "label 4"
						}
					]
				}]

			}









		}







	},


    "graph_middle_tab4": {
		"daily_graph": {
			"meta": {
				"json_type": "graph_area",
				"title": "Daily Graph"
			},
			"data": {
				"xaxis": {
					"label": "X labe1-1",
					"seriesname": "X category-1",
					"color": "1D8BD1",
					"anchorbordercolor": "1D8BD1",
					"anchorbgcolor": "1D8BD1",
					"data": [{
							"value": "2016/01/15"
						}, {
							"value": "2016/02/15"
						}, {
							"value": "2016/03/15"
						}, {
							"value": "2016/04/15"
						},
						{
							"value": "2016/05/15"
						}, {
							"value": "2016/06/15"
						}, {
							"value": "2016/07/15"
						}, {
							"value": "2016/08/15"
						}
					]
				},
				"categories": [{
					"label": "labe1-1",
					"seriesname": "category-1",
					"color": "8293A6",
					"anchorbordercolor": "8293A6",
					"anchorbgcolor": "8293A6",
					"data": [{
							"value": "1000",
							"label": "label 1"
						}, {
							"value": "500",
							"label": "label 2"
						}, {
							"value": "3000",
							"label": "label 3"
						}, {
							"value": "2000",
							"label": "label 4"
						},
						{
							"value": "5000",
							"label": "label 4"
						}, {
							"value": "3000",
							"label": "label 4"
						}, {
							"value": "7000",
							"label": "label 4"
						}, {
							"value": "8000",
							"label": "label 4"
						}
					]
				}]

			}
		},
		"monthly_graph": {
			"meta": {
				"json_type": "graph_area",
				"title": "Daily Graph"
			},
			"data": {
				"xaxis": {
					"label": "X labe1-1",
					"seriesname": "X category-1",
					"color": "1D8BD1",
					"anchorbordercolor": "1D8BD1",
					"anchorbgcolor": "1D8BD1",
					"data": [{
							"value": "2016/01/15"
						}, {
							"value": "2016/02/15"
						}, {
							"value": "2016/03/15"
						}, {
							"value": "2016/04/15"
						},
						{
							"value": "2016/05/15"
						}, {
							"value": "2016/06/15"
						}, {
							"value": "2016/07/15"
						}, {
							"value": "2016/08/15"
						}
					]
				},
				"categories": [{
					"label": "labe1-1",
					"seriesname": "category-1",
					"color": "8293A6",
					"anchorbordercolor": "8293A6",
					"anchorbgcolor": "8293A6",
					"data": [{
							"value": "1000",
							"label": "label 1"
						}, {
							"value": "2000",
							"label": "label 2"
						}, {
							"value": "3000",
							"label": "label 3"
						}, {
							"value": "4000",
							"label": "label 4"
						},
						{
							"value": "5000",
							"label": "label 4"
						}, {
							"value": "6000",
							"label": "label 4"
						}, {
							"value": "7000",
							"label": "label 4"
						}, {
							"value": "8000",
							"label": "label 4"
						}
					]
				}]

			}
		},
		"weekly_graph": {
			"meta": {
				"json_type": "graph_area",
				"title": "Daily Graph"
			},
			"data": {
				"xaxis": {
					"label": "X labe1-1",
					"seriesname": "X category-1",
					"color": "1D8BD1",
					"anchorbordercolor": "1D8BD1",
					"anchorbgcolor": "1D8BD1",
					"data": [{
							"value": "2016/01/15"
						}, {
							"value": "2016/02/15"
						}, {
							"value": "2016/03/15"
						}, {
							"value": "2016/04/15"
						},
						{
							"value": "2016/05/15"
						}, {
							"value": "2016/06/15"
						}, {
							"value": "2016/07/15"
						}, {
							"value": "2016/08/15"
						}
					]
				},
				"categories": [{
					"label": "labe1-1",
					"seriesname": "category-1",
					"color": "8293A6",
					"anchorbordercolor": "8293A6",
					"anchorbgcolor": "8293A6",
					"data": [{
							"value": "1000",
							"label": "label 1"
						}, {
							"value": "2000",
							"label": "label 2"
						}, {
							"value": "3000",
							"label": "label 3"
						}, {
							"value": "4000",
							"label": "label 4"
						},
						{
							"value": "5000",
							"label": "label 4"
						}, {
							"value": "6000",
							"label": "label 4"
						}, {
							"value": "7000",
							"label": "label 4"
						}, {
							"value": "8000",
							"label": "label 4"
						}
					]
				}]

			}









		}







	}


}
